Workbook

Sheet Sheet1
F5: week 1 | N5: week 2 | V5: week 3
B6: names | C6: mon | D6: tue | E6: wed | F6: thu | G6: fri | H6: sat | I6: total | J6: names | K6: mon | L6: tue | M6: wed | N6: thu | O6: fri | P6: sat | Q6: total | R6: names | S6: mon | T6: tue | U6: wed | V6: thu | W6: fri | X6: sat | Y6: total
B7: san 1 | C7: 18 | D7: 5 | E7: 11 | F7: 7 | G7: 9 | H7: 18 | I7: =SUM(C7:H7) -> 68 | J7: san 1 | K7: 13 | L7: 9 | M7: 8 | N7: 16 | O7: 15 | P7: 10 | Q7: =SUM(K7:P7) -> 71 | R7: san 1 | S7: 12 | T7: 3 | U7: 16 | V7: 8 | W7: 9 | X7: 17 | Y7: =SUM(S7:X7) -> 65
B8: san 2 | C8: 3 | D8: 5 | E8: 1 | F8: 16 | G8: 20 | H8: 9 | I8: =SUM(C8:H8) -> 54 | J8: san 2 | K8: 16 | L8: 17 | M8: 20 | N8: 15 | O8: 4 | P8: 4 | Q8: =SUM(K8:P8) -> 76 | R8: san 2 | S8: 10 | T8: 9 | U8: 17 | V8: 9 | W8: 13 | X8: 9 | Y8: =SUM(S8:X8) -> 67
B9: san 3 | C9: 12 | D9: 17 | E9: 19 | F9: 13 | G9: 16 | H9: 15 | I9: =SUM(C9:H9) -> 92 | J9: san 3 | K9: 4 | L9: 12 | M9: 12 | N9: 3 | O9: 19 | P9: 15 | Q9: =SUM(K9:P9) -> 65 | R9: san 3 | S9: 13 | T9: 12 | U9: 16 | V9: 4 | W9: 7 | X9: 9 | Y9: =SUM(S9:X9) -> 61
B10: san 4 | C10: 8 | D10: 3 | E10: 10 | F10: 4 | G10: 17 | H10: 15 | I10: =SUM(C10:H10) -> 57 | J10: san 4 | K10: 17 | L10: 12 | M10: 18 | N10: 11 | O10: 3 | P10: 10 | Q10: =SUM(K10:P10) -> 71 | R10: san 4 | S10: 4 | T10: 4 | U10: 4 | V10: 6 | W10: 1 | X10: 10 | Y10: =SUM(S10:X10) -> 29
B11: san 5 | C11: 19 | D11: 15 | E11: 19 | F11: 6 | G11: 15 | H11: 5 | I11: =SUM(C11:H11) -> 79 | J11: san 5 | K11: 9 | L11: 4 | M11: 12 | N11: 2 | O11: 3 | P11: 14 | Q11: =SUM(K11:P11) -> 44 | R11: san 5 | S11: 6 | T11: 20 | U11: 9 | V11: 5 | W11: 3 | X11: 17 | Y11: =SUM(S11:X11) -> 60
B12: san 6 | C12: 4 | D12: 6 | E12: 2 | F12: 4 | G12: 20 | H12: 17 | I12: =SUM(C12:H12) -> 53 | J12: san 6 | K12: 4 | L12: 19 | M12: 12 | N12: 5 | O12: 12 | P12: 11 | Q12: =SUM(K12:P12) -> 63 | R12: san 6 | S12: 2 | T12: 8 | U12: 9 | V12: 11 | W12: 16 | X12: 10 | Y12: =SUM(S12:X12) -> 56
B13: san 7 | C13: 12 | D13: 1 | E13: 9 | F13: 8 | G13: 7 | H13: 7 | I13: =SUM(C13:H13) -> 44 | J13: san 7 | K13: 5 | L13: 10 | M13: 10 | N13: 15 | O13: 15 | P13: 15 | Q13: =SUM(K13:P13) -> 70 | R13: san 7 | S13: 4 | T13: 11 | U13: 16 | V13: 1 | W13: 11 | X13: 17 | Y13: =SUM(S13:X13) -> 60
B14: san 8 | C14: 9 | D14: 8 | E14: 19 | F14: 10 | G14: 6 | H14: 10 | I14: =SUM(C14:H14) -> 62 | J14: san 8 | K14: 3 | L14: 16 | M14: 2 | N14: 16 | O14: 12 | P14: 6 | Q14: =SUM(K14:P14) -> 55 | R14: san 8 | S14: 18 | T14: 3 | U14: 6 | V14: 18 | W14: 13 | X14: 8 | Y14: =SUM(S14:X14) -> 66
B15: san 9 | C15: 20 | D15: 7 | E15: 6 | F15: 13 | G15: 5 | H15: 9 | I15: =SUM(C15:H15) -> 60 | J15: san 9 | K15: 16 | L15: 4 | M15: 16 | N15: 4 | O15: 20 | P15: 2 | Q15: =SUM(K15:P15) -> 62 | R15: san 9 | S15: 11 | T15: 12 | U15: 9 | V15: 9 | W15: 10 | X15: 11 | Y15: =SUM(S15:X15) -> 62
B16: san 10 | C16: 16 | D16: 9 | E16: 20 | F16: 1 | G16: 10 | H16: 8 | I16: =SUM(C16:H16) -> 64 | J16: san 10 | K16: 13 | L16: 1 | M16: 19 | N16: 18 | O16: 15 | P16: 5 | Q16: =SUM(K16:P16) -> 71 | R16: san 10 | S16: 19 | T16: 15 | U16: 14 | V16: 18 | W16: 7 | X16: 19 | Y16: =SUM(S16:X16) -> 92
B17: san 11 | C17: 9 | D17: 9 | E17: 3 | F17: 6 | G17: 15 | H17: 19 | I17: =SUM(C17:H17) -> 61 | J17: san 11 | K17: 7 | L17: 20 | M17: 1 | N17: 7 | O17: 17 | P17: 1 | Q17: =SUM(K17:P17) -> 53 | R17: san 11 | S17: 17 | T17: 14 | U17: 17 | V17: 8 | W17: 11 | X17: 17 | Y17: =SUM(S17:X17) -> 84
B18: san 12 | C18: 4 | D18: 12 | E18: 7 | F18: 2 | G18: 14 | H18: 8 | I18: =SUM(C18:H18) -> 47 | J18: san 12 | K18: 7 | L18: 15 | M18: 18 | N18: 4 | O18: 2 | P18: 13 | Q18: =SUM(K18:P18) -> 59 | R18: san 12 | S18: 15 | T18: 6 | U18: 4 | V18: 8 | W18: 3 | X18: 5 | Y18: =SUM(S18:X18) -> 41
B19: san 13 | C19: 18 | D19: 5 | E19: 14 | F19: 5 | G19: 17 | H19: 1 | I19: =SUM(C19:H19) -> 60 | J19: san 13 | K19: 16 | L19: 15 | M19: 19 | N19: 8 | O19: 13 | P19: 15 | Q19: =SUM(K19:P19) -> 86 | R19: san 13 | S19: 7 | T19: 4 | U19: 11 | V19: 4 | W19: 13 | X19: 5 | Y19: =SUM(S19:X19) -> 44
J28: FEEDBACK

Sheet Sheet2
B2: names | C2: total
B3: san 1 | C3: =SUM(Sheet1!I7+Sheet1!Q7+Sheet1!Y7) -> 204
B4: san 2 | C4: =SUM(Sheet1!I8+Sheet1!Q8+Sheet1!Y8) -> 197
B5: san 3 | C5: =SUM(Sheet1!I9+Sheet1!Q9+Sheet1!Y9) -> 218
B6: san 4 | C6: =SUM(Sheet1!I10+Sheet1!Q10+Sheet1!Y10) -> 157
B7: san 5 | C7: =SUM(Sheet1!I11+Sheet1!Q11+Sheet1!Y11) -> 183
B8: san 6 | C8: =SUM(Sheet1!I12+Sheet1!Q12+Sheet1!Y12) -> 172
B9: san 7 | C9: =SUM(Sheet1!I13+Sheet1!Q13+Sheet1!Y13) -> 174
B10: san 8 | C10: =SUM(Sheet1!I14+Sheet1!Q14+Sheet1!Y14) -> 183
B11: san 9 | C11: =SUM(Sheet1!I15+Sheet1!Q15+Sheet1!Y15) -> 184
B12: san 10 | C12: =SUM(Sheet1!I16+Sheet1!Q16+Sheet1!Y16) -> 227
B13: san 11 | C13: =SUM(Sheet1!I17+Sheet1!Q17+Sheet1!Y17) -> 198
B14: san 12 | C14: =SUM(Sheet1!I18+Sheet1!Q18+Sheet1!Y18) -> 147
B15: san 13 | C15: =SUM(Sheet1!I19+Sheet1!Q19+Sheet1!Y19) -> 190
